Type,Item Code,Consumer Description,Product Description,Brand,Category,Format,Variant,BUoM/ Pack Size,UoM,Pack/Case,HSN Code,Shelf Life,Shelf Life UoM,Sourcing Unit,Case/ Pallet,Layer/ Pallet,Pack/Unit,Case Length (mm),Case Width (mm),Case Height (mm),Sides UoM,Net Weight,Gross Weight,Wt. UoM,EAN/ Barcode,MRP,GST (%),Show / Hide,Combi Type,Combi Type Int
FG,XCCN500,Axe Deos Intense 215 ml X 24,AXE INTENSE DEO CAN 215ML,Axe,Deodorants & Fragrances,Deos,Intense 215 ml,215,ml,24,,24,Month,India,0,0,1,,,,,,,,,350,18%,Yes,PO1,PO1
FG,XCDH400,Rexona Roll-Ons Powder Dry 50 ml X 24,REXONA WOMEN ROLL ON POWDER DRY 50ML,Rexona,Deodorants & Fragrances,Roll-Ons,Powder Dry 50 ml,50,ml,24,,24,Month,India,0,0,1,,,,,,,,,190,18%,Yes,PO1,PO1
FG,XCDH600,Rexona Roll-Ons Powder Dry 25 ml X 24,REXONA WOMEN ROLL ON POWDER DRY 25ML,Rexona,Deodorants & Fragrances,Roll-Ons,Powder Dry 25 ml,25,ml,24,,24,Month,India,0,0,1,,,,,,,,,95,18%,Yes,PO1,PO1
FG,XCDH500,Rexona Roll-Ons Shower Fresh 25 ml X 24,REXONA WOMEN ROLL ON SHOWER FRESH 25ML,Rexona,Deodorants & Fragrances,Roll-Ons,Shower Fresh 25 ml,25,ml,24,,24,Month,India,0,0,1,,,,,,,,,95,18%,Yes,PO1,PO1
FG,XCDH300,Rexona Roll-Ons Shower Fresh 50 ml X 24,REXONA WOMEN ROLL ON SHOWER FRESH 50ML,Rexona,Deodorants & Fragrances,Roll-Ons,Shower Fresh 50 ml,50,ml,24,,24,Month,India,0,0,1,,,,,,,,,190,18%,Yes,PO1,PO1
FG,XCDH800,Rexona Roll-Ons Rose Whitening 50 ml X 24,REXONA FRESH ROSE WHITNG WMN ROLLON 50ML,Rexona,Deodorants & Fragrances,Roll-Ons,Rose Whitening 50 ml,50,ml,24,,24,Month,India,0,0,1,,,,,,,,,225,18%,Yes,PO1,PO1
FG,XCDH700,Rexona Roll-Ons Lily Whitening 50 ml X 24,Rexona Fresh Lily Whitng Wmn RollOn 50ml,Rexona,Deodorants & Fragrances,Roll-Ons,Lily Whitening 50 ml,50,ml,24,,24,Month,India,0,0,1,,,,,,,,,225,18%,Yes,PO1,PO1
FG,XCDH100,Rexona Roll-Ons Aloe Vera Mini 25 ml X 24,REXONA WOMEN ROLL ON ALOE VERA 25ML,Rexona,Deodorants & Fragrances,Roll-Ons,Aloe Vera Mini 25 ml,25,ml,24,,24,Month,India,0,0,1,,,,,,,,,95,18%,Yes,PO1,PO1
FG,XCDG900,Rexona Roll-Ons Aloe Vera 50 ml X 24,REXONA WOMEN ROLL ON ALOE VERA 50ML,Rexona,Deodorants & Fragrances,Roll-Ons,Aloe Vera 50 ml,50,ml,24,,24,Month,India,0,0,1,,,,,,,,,190,18%,Yes,PO1,PO1
FG,XCDF600,Dove Roll-Ons Beauty Finish 50 ml X 24,DOVE EVEN TONE ROLL ON 50 ml,Dove,Deodorants & Fragrances,Roll-Ons,Beauty Finish 50 ml,50,ml,24,,24,Month,India,0,0,1,,,,,,,,,259,18%,Yes,PO1,PO1
FG,XCDF400,Dove Roll-Ons Original 50 ml X 24,DOVE WOMEN ORIGINAL ROLL ON 50 ml,Dove,Deodorants & Fragrances,Roll-Ons,Original 50 ml,50,ml,24,,24,Month,India,0,0,1,,,,,,,,,259,18%,Yes,PO1,PO1
FG,XCDE500,Dove Deos Beauty Finish 150 ml X 24,DOVE EVEN TONE 150ML,Dove,Deodorants & Fragrances,Deos,Beauty Finish 150 ml,150,ml,24,,24,Month,India,0,0,1,,,,,,,,,289,18%,Yes,PO1,PO1
FG,XCDD900,Dove Deos Original 150 ml X 24,DOVE ORIGINAL DEODORANT CAN 150 ML,Dove,Deodorants & Fragrances,Deos,Original 150 ml,150,ml,24,,24,Month,India,0,0,1,,,,,,,,,289,18%,Yes,PO1,PO1
FG,XCCV400,Axe Ticket Deos Signature Dark Temptation 17 ml X 48,AXE Signature Ticket Dark Temptation 17 ml,Axe,Deodorants & Fragrances,Ticket Deos,Signature Dark Temptation 17 ml,17,ml,48,,24,Month,India,0,0,1,,,,,,,,,70,18%,Yes,PO1,PO1
FG,XCCV300,Axe Ticket Deos Champion Compact 17 ml X 48,Axe Signature Compact Spray Champion 17 ml,Axe,Deodorants & Fragrances,Ticket Deos,Champion Compact 17 ml,17,ml,48,,24,Month,India,0,0,1,,,,,,,,,70,18%,Yes,PO1,PO1
FG,XCCV100,Axe Ticket Deos Intense Compact 17 ml X 48,Axe Signature Compact Spray Intense 17 ml,Axe,Deodorants & Fragrances,Ticket Deos,Intense Compact 17 ml,17,ml,48,,24,Month,India,0,0,1,,,,,,,,,70,18%,Yes,PO1,PO1
FG,XCDF200,Axe Talc Denim 300 gms X 18,AXE DENIM TALCUM 300G,Axe,Deodorants & Fragrances,Talc,Denim 300 gms,300,gms,18,,24,Month,India,0,0,1,,,,,,,,,199,18%,Yes,PO1,PO1
FG,XCDE800,Axe Talc Denim 100 gms X 36,AXE DENIM TALCUM 100G,Axe,Deodorants & Fragrances,Talc,Denim 100 gms,100,gms,36,,24,Month,India,0,0,1,,,,,,,,,90,18%,Yes,PO1,PO1
FG,XCDF900,Axe Shaving Cream Denim 70 gms X 36,AxeSign Den Shvg Crm 36x60gms+30% Ext DM,Axe,Deodorants & Fragrances,Shaving Cream,Denim 70 gms,70,gms,36,,24,Month,India,0,0,1,,,,,,,,,89,18%,Yes,PO1,PO1
FG,XCDG200,Axe Shaving Cream Denim 30 gms X 63,Axe Sign Denim Shaving Crm 30g DM,Axe,Deodorants & Fragrances,Shaving Cream,Denim 30 gms,30,gms,63,,24,Month,India,0,0,1,,,,,,,,,51,18%,Yes,PO1,PO1
FG,XCCO900,Axe Grooming Kit E-Comm 372 ml X 6,MALE GROOMING KIT (ECOM)6X372ML,Axe,Deodorants & Fragrances,Grooming Kit,E-Comm 372 ml,372,ml,6,,24,Month,India,0,0,1,,,,,,,,,899,18%,Yes,PO1,PO1
FG,XCCU500,Axe Signature Deos Signature Jungle Fresh 200 ml X 15,AXE SIGN JUNGLE FRESH 200ML,Axe,Deodorants & Fragrances,Signature Deos,Signature Jungle Fresh 200 ml,200,ml,15,,24,Month,India,0,0,1,,,,,,,,,420,18%,Yes,PO1,PO1
FG,XCDA400,Axe Signature Deos Signature Dark Temptation 200 ml X 15,AXE SIGNTR BODY PERFUME DT 200ML,Axe,Deodorants & Fragrances,Signature Deos,Signature Dark Temptation 200 ml,200,ml,15,,24,Month,India,0,0,1,,,,,,,,,390,18%,Yes,PO1,PO1
FG,XCCY300,Axe Signature Deos Signature Champion 200 ml X 15,AXE SIGNTR BODY PERFUME CHAMPION 200ML,Axe,Deodorants & Fragrances,Signature Deos,Signature Champion 200 ml,200,ml,15,,24,Month,India,0,0,1,,,,,,,,,390,18%,Yes,PO1,PO1
FG,XCCU600,Axe Signature Deos Signature Intense 200 ml X 15,AXE SIGNTR BODY PERFUME INTENSE 200ML,Axe,Deodorants & Fragrances,Signature Deos,Signature Intense 200 ml,200,ml,15,,24,Month,India,0,0,1,,,,,,,,,390,18%,Yes,PO1,PO1
FG,XCCY200,Axe Signature Deos Signature Mysterious 200 ml X 15,AXE SIGNTR BODY PERFUME MYSTERIOUS 200ML,Axe,Deodorants & Fragrances,Signature Deos,Signature Mysterious 200 ml,200,ml,15,,24,Month,India,0,0,1,,,,,,,,,390,18%,Yes,PO1,PO1
FG,XCCQ700,Axe Deos Gold Temptation 215 ml X 24,AXE GOLD TEMPTATION DEO CAN 215ML,Axe,Deodorants & Fragrances,Deos,Gold Temptation 215 ml,215,ml,24,,24,Month,India,0,0,1,,,,,,,,,350,18%,Yes,PO1,PO1
FG,XCCQ500,Axe Deos Dark Temptation 215 ml X 24,AXE DARK TEMPTATION DEO CAN 215M,Axe,Deodorants & Fragrances,Deos,Dark Temptation 215 ml,215,ml,24,,24,Month,India,0,0,1,,,,,,,,,350,18%,Yes,PO1,PO1
FG,XCCP500,Axe Deos DT + GT B1G1 430 ml X 12,29210-AXE DEO VLP PO2 (DT+GT) 430 ML,Axe,Deodorants & Fragrances,Deos,DT + GT B1G1 430 ml,430,ml,12,,24,Month,India,0,0,1,,,,,,,,,350,18%,Yes,PO2,PO2
FG,XCCZ600,Axe Signature Deos Signature Gold Temptation 122 ml X 12,AXE SIGN BP GOLD TEMP 122ML,Axe,Deodorants & Fragrances,Signature Deos,Signature Gold Temptation 122 ml,122,ml,12,,24,Month,India,0,0,1,,,,,,,,,245,18%,Yes,PO1,PO1
FG,XCCP400,Axe Deos Intense 150 ml X 12,AXE INTENSE DEO 150ML,Axe,Deodorants & Fragrances,Deos,Intense 150 ml,150,ml,12,,24,Month,India,0,0,1,,,,,,,,,245,18%,Yes,PO1,PO1
FG,XCCP700,Axe Signature Deos DT + Champ 308 ml X 12,24680-Signature (DT+CHAMP)308 ml,Axe,Deodorants & Fragrances,Signature Deos,DT + Champ 308 ml,308,ml,12,,24,Month,India,0,0,1,,,,,,,,,390,18%,Yes,PO2,PO2
FG,XCCX900,Axe Signature Deos Signature Dark Temptation 154 ml X 15,AXE SIGNATURE DARK TEMPTATION 154 ML,Axe,Deodorants & Fragrances,Signature Deos,Signature Dark Temptation 154 ml,154,ml,15,,24,Month,India,0,0,1,,,,,,,,,310,18%,Yes,PO1,PO1
FG,XCCX600,Axe Signature Deos Signature Maverick 154 ml X 15,AXE SIGNTREBODYPERFUME MAVERICK 154M,Axe,Deodorants & Fragrances,Signature Deos,Signature Maverick 154 ml,154,ml,15,,24,Month,India,0,0,1,,,,,,,,,310,18%,Yes,PO1,PO1
FG,XCCX500,Axe Signature Deos Signature Champion 154 ml X 15,AXESIGNTRBODYPERFUME CHAMPION154M,Axe,Deodorants & Fragrances,Signature Deos,Signature Champion 154 ml,154,ml,15,,24,Month,India,0,0,1,,,,,,,,,310,18%,Yes,PO1,PO1
FG,XCCX400,Axe Signature Deos Signature Mysterious 154 ml X 15,AXE SIGNTR BODY PERFUME MYSTERIOUS154M,Axe,Deodorants & Fragrances,Signature Deos,Signature Mysterious 154 ml,154,ml,15,,24,Month,India,0,0,1,,,,,,,,,310,18%,Yes,PO1,PO1
FG,XCCW800,Axe Signature Deos Signature Intense 154 ml X 15,AXE SIGNTR BODY PERFUME INTENSE154M,Axe,Deodorants & Fragrances,Signature Deos,Signature Intense 154 ml,154,ml,15,,24,Month,India,0,0,1,,,,,,,,,310,18%,Yes,PO1,PO1
FG,XCCV900,Axe Signature Deos Signature Dark Temptation 122 ml X 12,Axe Signature BP Dark Temptation 122 ml,Axe,Deodorants & Fragrances,Signature Deos,Signature Dark Temptation 122 ml,122,ml,12,,24,Month,India,0,0,1,,,,,,,,,245,18%,Yes,PO1,PO1
FG,XCCT700,Axe Signature Deos Signature Corporate 122 ml X 12,Axe Signature Corporate BodyPrfme 122 ml,Axe,Deodorants & Fragrances,Signature Deos,Signature Corporate 122 ml,122,ml,12,,24,Month,India,0,0,1,,,,,,,,,245,18%,Yes,PO1,PO1
FG,XCCT200,Axe Signature Deos Signature Maverick 122 ml X 12,Axe SigntreBodyPerfume Maverick 122M,Axe,Deodorants & Fragrances,Signature Deos,Signature Maverick 122 ml,122,ml,12,,24,Month,India,0,0,1,,,,,,,,,245,18%,Yes,PO1,PO1
FG,XCCS800,Axe Signature Deos Signature Champion 122 ml X 12,AxeSigntrBodyPerfume Champion122M,Axe,Deodorants & Fragrances,Signature Deos,Signature Champion 122 ml,122,ml,12,,24,Month,India,0,0,1,,,,,,,,,245,18%,Yes,PO1,PO1
FG,XCCM600,Axe Deos 24X7 150 ml X 12,AXE RECHARGE 24X7 DEO 150 ML,Axe,Deodorants & Fragrances,Deos,24X7 150 ml,150,ml,12,,24,Month,India,0,0,1,,,,,,,,,245,18%,Yes,PO1,PO1
FG,XCCS500,Axe Deos Mysterious 122ml X 12,AXE SIGNTR BODY PERFUME MYSTERIOUS122M,Axe,Deodorants & Fragrances,Deos,Mysterious 122ml,122,ml,12,,24,Month,India,0,0,1,,,,,,,,,245,18%,Yes,PO1,PO1
FG,XCCS200,Axe Deos Rogue 122ml X 12,AXE SIGNTR BODY PERFUME ROGUE122M,Axe,Deodorants & Fragrances,Deos,Rogue 122ml,122,ml,12,,24,Month,India,0,0,1,,,,,,,,,245,18%,Yes,PO1,PO1
FG,XCCR900,Axe Deos Suave 122ml X 12,AXE SIGNTR BODY PERFUME SUAVE122M,Axe,Deodorants & Fragrances,Deos,Suave 122ml,122,ml,12,,24,Month,India,0,0,1,,,,,,,,,245,18%,Yes,PO1,PO1
FG,XCCR300,Axe Deos Intense 122ml X 12,AXE SIGNTR BODY PERFUME INTENSE122M,Axe,Deodorants & Fragrances,Deos,Intense 122ml,122,ml,12,,24,Month,India,0,0,1,,,,,,,,,245,18%,Yes,PO1,PO1
FG,XCCP900,Axe Deos Recharge B1G1 300 ml X 6,29010-Axe Recharge B1G1 ï¿½ï¿½ï¿½ï¿½ï¿½ï¿½ï,Axe,Deodorants & Fragrances,Deos,Recharge B1G1 300 ml,300,ml,6,,24,Month,India,0,0,1,,,,,,,,,245,18%,Yes,B1G1,B1G1
FG,XCCO500,Axe Deos Gold Temptation 150 ml X 12,AXE GOLD TEMPTATION DEO 150ML,Axe,Deodorants & Fragrances,Deos,Gold Temptation 150 ml,150,ml,12,,24,Month,India,0,0,1,,,,,,,,,245,18%,Yes,PO1,PO1
FG,XCCM200,Axe Deos Dark Temptation 150 ml X 12,AXE DARK TEMPTATION DEO CAN 150M,Axe,Deodorants & Fragrances,Deos,Dark Temptation 150 ml,150,ml,12,,24,Month,India,0,0,1,,,,,,,,,245,18%,Yes,PO1,PO1
FG,XCDB700,Axe Deos Pulse 150 ml X 12,AXE PULSE DEODORANT CAN 150ML,Axe,Deodorants & Fragrances,Deos,Pulse 150 ml,150,ml,12,,24,Month,India,0,0,1,,,,,,,,,245,18%,Yes,PO1,PO1
FG,XCDD800,Axe Aftershave Dark Temptation 100 ml X 12,AXE DARK TEMPTATION ASL 100M,Axe,Deodorants & Fragrances,Aftershave,Dark Temptation 100 ml,100,ml,12,,24,Month,India,0,0,1,,,,,,,,,249,18%,Yes,PO1,PO1
FG,XCDD500,Axe Aftershave Dark Temptation 50 ml X 12,AXE DARK TEMPTATION ASL 50M,Axe,Deodorants & Fragrances,Aftershave,Dark Temptation 50 ml,50,ml,12,,24,Month,India,0,0,1,,,,,,,,,149,18%,Yes,PO1,PO1
FG,XCDC900,Axe Aftershave Denim 50 ml X 12,AXE-DENIM ASL 50ML,Axe,Deodorants & Fragrances,Aftershave,Denim 50 ml,50,ml,12,,24,Month,India,0,0,1,,,,,,,,,149,18%,Yes,PO1,PO1
FG,XCDC100,Axe Aftershave Denim 100 ml X 12,AXE-DENIM ASL 100ML,Axe,Deodorants & Fragrances,Aftershave,Denim 100 ml,100,ml,12,,24,Month,India,0,0,1,,,,mm,,,mm,,249,18%,Yes,PO1,PO1
FG,68701717,Toni & Guy Hair Spray Heat Protect 75 ml X 12,TONI & GUY Damage Heat Prote. Spray 75ml,Toni & Guy,Hair Care,Hair Spray,Heat Protect 75 ml,75,ml,12,,24,Month,UK,477,9,1,,,,,,,,,499,18%,No,,
FG,68634758,Toni & Guy Shampoo Deep Clean 250 ml X 6,T&G DEEP CLEAN SHAMPOO 250ML,Toni & Guy,Hair Care,Shampoo,Deep Clean 250 ml,250,ml,6,,24,Month,UK,414,6,1,,,,,,,,,599,18%,Yes,,
FG,68540025,Toni & Guy Conditioner Leave In 100 ml X 6,Toni & Guy Leave in Conditioner 100ml,Toni & Guy,Hair Care,Conditioner,Leave In 100 ml,100,ml,6,,24,Month,UK,784,8,1,,,,,,,,,499,18%,Yes,,
FG,68417969,Toni & Guy Hair Spray Seasalt 200 ml X 6,T&G AQSP SEASALT TEXTURISING SPRAY 200ml,Toni & Guy,Hair Care,Hair Spray,Seasalt 200 ml,200,ml,6,,24,Month,UK,392,7,1,,,,,,,,,799,18%,Yes,,
FG,67956518,Toni & Guy Conditioner Damage Repair 250 ml X 6,T&G Cond Infinite Damage Repair 250ml (T&G Cond Damage Repair 250ml),Toni & Guy,Hair Care,Conditioner,Damage Repair 250 ml,250,ml,6,,24,Month,UK,414,6,1,,,,,,,,,599,18%,Yes,,
FG,67956516,Toni & Guy Shampoo Volume 250 ml X 6,TONI & GUY SHAMPOO VOLUME 6X250ML,Toni & Guy,Hair Care,Shampoo,Volume 250 ml,250,ml,6,,24,Month,UK,414,6,1,,,,,,,,,599,18%,Yes,,
FG,67956509,Toni & Guy Conditioner Volume 250 ml X 6,TONI & GUY COND VOLUME 6X250ML,Toni & Guy,Hair Care,Conditioner,Volume 250 ml,250,ml,6,,24,Month,UK,414,6,1,,,,,,,,,599,18%,Yes,,
FG,68474748,St. Ives Body Wash Sea Salt & Kelp 473ml  X 4,ST IVES BW SEA SALT N PCIFC KLP 4X16OZ,St. Ives,Body Wash,Body Wash,Sea Salt & Kelp 473ml,473,ml,4,,24,Month,US,240,6,1,,,,,,,,,499,18%,Yes,,
FG,68474750,St. Ives Body Wash Pink Lemon 473ml  X 4,ST IVES BW PK LMN+MNDRNORANGE 4X16OZ,St. Ives,Body Wash,Body Wash,Pink Lemon 473ml,473,ml,4,,24,Month,US,240,6,1,,,,,,,,,499,18%,Yes,,
FG,69559284,St. Ives Body Wash Apricot 473ml X 4,STIVES BW APRICOT 4X16OZ,St. Ives,Body Wash,Body Wash,Apricot 473ml,473,ml,4,,24,Month,US,240,6,1,,,,,,,,,499,18%,Yes,,
FG,69559282,St. Ives Body Wash Coconut & Orchid  473ml X 4,STIVES BW COCONUT WATER & ORCHID 4X16OZ,St. Ives,Body Wash,Body Wash,Coconut & Orchid  473ml,473,ml,4,,24,Month,US,240,6,1,,,,,,,,,499,18%,Yes,,
FG,69559281,St. Ives Body Wash Oatmeal 473ml X 4,STIVES BW OATMEAL & SHEA BUTTER 4X16OZ,St. Ives,Body Wash,Body Wash,Oatmeal 473ml,473,ml,4,,24,Month,US,240,6,1,,,,,,,,,499,18%,Yes,,
FG,69559277,St. Ives Body Wash Pink Lemon 650ml  X 4,ST IVES BW PK LMN+MNDRNORNGE 4X22OZ,St. Ives,Body Wash,Body Wash,Pink Lemon 650ml,650,ml,4,,24,Month,US,192,6,1,,,,,,,,,725,18%,Yes,,
FG,69559276,St. Ives Body Wash Citrus & Cherry 650ml X 4,STIVES BW CITRUS & CHERRY 4X22OZ,St. Ives,Body Wash,Body Wash,Citrus & Cherry 650ml,650,ml,4,,24,Month,US,192,6,1,,,,,,,,,725,18%,Yes,,
FG,69559275,St. Ives Body Wash Oatmeal 650ml X 4,STIVES BW OATMEAL & SHEA BUTTER 4X22OZ,St. Ives,Body Wash,Body Wash,Oatmeal 650ml,650,ml,4,,24,Month,US,192,6,1,,,,,,,,,725,18%,Yes,,
FG,69559274,St. Ives Body Wash Sea Salt & Kelp 650ml  X 4,ST IVES BW SEA SALT & PACIFIC KELP 4X22OZ,St. Ives,Body Wash,Body Wash,Sea Salt & Kelp 650 ml,650,ml,4,,24,Month,US,192,6,1,,,,,,,,,725,18%,Yes,,
FG,68474754,St. Ives Body Wash Rose & Aloe 650ml  X 4,ST IVES BW ROSE + ALOE VERA 4X22OZ,St. Ives,Body Wash,Body Wash,Rose & Aloe 650ml,650,ml,4,,24,Month,US,192,6,1,,,,,,,,,725,18%,Yes,,
FG,69559272,St. Ives Body Wash Coconut & Orchid 650ml  X 4,ST IVES BW COCO WATER+ORCHID 4X22OZ,St. Ives,Body Wash,Body Wash,Coconut & Orchid 650ml,650,ml,4,,24,Month,US,192,6,1,,,,,,,,,725,18%,Yes,,
FG,68629595,St. Ives Micellar Water  Tea Tree  400 ml  X 12,ST IVES TEA TREE MICELLER WATER 12X400ML,St. Ives,Skin Care,Micellar Water,Tea Tree  400 ml,400,ml,12,,24,Month,Thailand,84,4,1,,,,,,,,,525,18%,Yes,,
FG,68629594,St. Ives Micellar Water  Apricot 400 ml  X 12,ST IVES APRICOT MICELLER WATER 12X400ML,St. Ives,Skin Care,Micellar Water,Apricot 400 ml,400,ml,12,,24,Month,Thailand,84,4,1,,,,,,,,,525,18%,Yes,,
FG,68629593,St. Ives Micellar Water  Rose 400 ml  X 12,ST IVES ROSE WTR MICELLER WATER 12X400ML,St. Ives,Skin Care,Micellar Water,Rose 400 ml,400,ml,12,,24,Month,Thailand,84,4,1,,,,,,,,,525,18%,Yes,,
FG,69559283,St. Ives Body Wash Rose & Aloe 473ml X 4,STIVES BW ROSE & ALOE VERA 4X16OZ,St. Ives,Body Wash,Body Wash,Rose & Aloe 473ml,473,ml,4,,24,Month,US,240,6,1,,,,,,,,,499,18%,Yes,,
FG,69559280,St. Ives Body Wash Vanilla 650ml X 4,STIVES BW VANILLA & OAT MILK 4X22OZ,St. Ives,Body Wash,Body Wash,Vanilla 650ml,650,ml,4,,24,Month,US,192,6,1,,,,,,,,,725,18%,Yes,,
FG,67973114,St. Ives Body Lotion Hyd Vitamin E 400 ml X 12,ST IVES BL HYD VIT E Y AVOC EXP 12X400ML,St. Ives,Body Lotion,Body Lotion,Hyd Vitamin E 400 ml,400,ml,12,,24,Month,Mexico,92,4,1,,,,,,,,,499,18%,Yes,,
FG,67973113,St. Ives Body Lotion Hyd Vitamin E 200 ml X 12,ST IVES BL HYD VIT E Y AVOC EXP 12X200ML,St. Ives,Body Lotion,Body Lotion,Hyd Vitamin E 200 ml,200,ml,12,,24,Month,Mexico,180,5,1,,,,,,,,,299,18%,Yes,,
FG,67973112,St. Ives Body Lotion Oatmeal 200 ml X 12,ST IVES BL S OATM Y SH BUT EXP 12X200ML,St. Ives,Body Lotion,Body Lotion,Oatmeal 200 ml,200,ml,12,,24,Month,Mexico,180,5,1,,,,,,,,,299,18%,Yes,,
FG,67973110,St. Ives Body Lotion Oatmeal 400 ml X 12,ST IVES BL S OATM Y SH BUT EXP 12X400ML,St. Ives,Body Lotion,Body Lotion,Oatmeal 400 ml,400,ml,12,,24,Month,Mexico,92,4,1,,,,,,,,,499,18%,Yes,,
FG,67973109,St. Ives Body Lotion Collagen Elastin 200 ml X 12,ST IVES BL COLLAG & ELAST EXP 12X200ML,St. Ives,Body Lotion,Body Lotion,Collagen Elastin 200 ml,200,ml,12,,24,Month,Mexico,180,5,1,,,,,,,,,299,18%,Yes,,
FG,67973108,St. Ives Body Lotion Collagen Elastin 400 ml X 12,ST IVES BL COLLAG Y ELAST EXP 12X400ML,St. Ives,Body Lotion,Body Lotion,Collagen Elastin 400 ml,400,ml,12,,24,Month,Mexico,92,4,1,,,,,,,,,499,18%,Yes,,
FG,69792170,Shea Moisture Leave-in Conditioner Jamaican Black Castor Oil 327 ml  X 12,SHEAMOISTURE JBC L N C STR&RST 12X11.5OZ,Shea Moisture,Hair Styling,Leave-in Conditioner,Jamaican Black Castor Oil 327 ml,327,ml,12,,24,Month,US,140,7,1,,,,,,,,,1299,18%,Yes,,
FG,69724978,Shea Moisture Conditioner Jamaican Black Castor Oil 369 ml  X 4,SHEAMOISTURE JBCO CD STRGTH+RSTR 4X13OZ,Shea Moisture,Hair Styling,Conditioner,Jamaican Black Castor Oil 369 ml,369,ml,4,,24,Month,US,288,6,1,,,,,,,,,1299,18%,Yes,,
FG,69724976,Shea Moisture Conditioner Virgin Coconut Oil 369 ml  X 4,SHEAMOISTURE VCO CD DAILY HYDRTN 4X13OZ,Shea Moisture,Hair Styling,Conditioner,Virgin Coconut Oil 369 ml,369,ml,4,,24,Month,US,288,6,1,,,,,,,,,1299,18%,Yes,,
FG,69571591,Shea Moisture Shampoo Raw Shea Butter 369 ml  X 4,SHEAMOISTURE RSB SH MOIST RTENTN 4X13OZ,Shea Moisture,Hair Styling,Shampoo,Raw Shea Butter 369 ml,369,ml,4,,24,Month,US,288,6,1,,,,,,,,,1299,18%,Yes,,
FG,69571590,Shea Moisture Hair Gel Detangler Raw Shea Butter 227 ml  X 12,SHEAMOISTURE CH FRZ FR MSS CURL 12X7.5OZ,Shea Moisture,Hair Styling,Hair Gel,Detangler Raw Shea Butter 227 ml,227,ml,12,,24,Month,US,170,5,1,,,,,,,,,1399,18%,Yes,,
FG,68817132,Shea Moisture Hair Mousse Coconut & Hibiscus 213 ml  X 12,SHEAMOISTURE CH FRZ FR MSS CURL 12X7.5OZ,Shea Moisture,Hair Styling,Hair Mousse,Coconut & Hibiscus 213 ml,213,ml,12,,24,Month,US,165,5,1,,,,,,,,,1399,18%,Yes,,
FG,68773422,Shea Moisture Hair Cream Jamaican Black Castor Oil 327 ml  X 12,SHEAMOISTURE JBS STRH+RSR SMT 12X11.5OZ,Shea Moisture,Hair Styling,Hair Cream,Jamaican Black Castor Oil 327 ml,327,ml,12,,24,Month,US,140,7,1,,,,,,,,,1399,18%,Yes,,
FG,68773395,Shea Moisture Hair Cream Manuka Honey & Yoghurt 227 ml  X 12,SHEAMOISTURE MH SL MLK INT HYD 12X8OZ,Shea Moisture,Hair Styling,Hair Cream,Manuka Honey & Yoghurt 227 ml,227,ml,12,,24,Month,US,168,7,1,,,,,,,,,1399,18%,Yes,,
FG,68773390,Shea Moisture Body Wash Raw Shea Butter 369 ml  X 24,SHEAMOISTURE RSB BW HYDRATING 24X13OZ,Shea Moisture,Skin Cleansing,Body Wash,Raw Shea Butter 369 ml,369,ml,24,,24,Month,US,60,5,1,,,,,,,,,1899,18%,Yes,,
FG,64342523,Shea Moisture Shampoo Virgin Coconut Oil 369 ml  X 4,SHEAMOISTURE VC SH DLY HYDRATION 4X13OZ,Shea Moisture,Hair Styling,Shampoo,Virgin Coconut Oil 369 ml,369,ml,4,,24,Month,US,288,6,1,,,,,,,,,1299,18%,Yes,,
FG,68743070,Shea Moisture Shampoo Coconut & Hibiscus 369 ml  X 4,SHEAMOISTURE CH SH CURL & SHINE 4X13OZ,Shea Moisture,Hair Styling,Shampoo,Coconut & Hibiscus 369 ml,369,ml,4,,24,Month,US,288,6,1,,,,,,,,,1299,18%,Yes,,
FG,68741645,Shea Moisture Conditioner Coconut & Hibiscus 369 ml  X 4,SHEAMOISTURE CH CD CULR+SHINE 4X13OZ,Shea Moisture,Hair Styling,Conditioner,Coconut & Hibiscus 369 ml,369,ml,4,,24,Month,US,288,6,1,,,,,,,,,1299,18%,Yes,,
FG,68625080,Shea Moisture Hair Spray Leave-In Manuka Honey & Yoghurt 227 ml  X 12,SHEAMOISTURE MLT ACT HYDRATE+RPR 12X8OZ,Shea Moisture,Hair Styling,Hair Spray,Leave-In Manuka Honey & Yoghurt 227 ml,227,ml,12,,24,Month,US,170,5,1,,,,,,,,,1299,18%,Yes,,
FG,64342523,Shea Moisture Shampoo Virgin Coconut Oil 369 ml  X 4,SHEAMOISTURE VC SH DLY HYDRATION 4X13OZ,Shea Moisture,Hair Styling,Shampoo,Virgin Coconut Oil 369 ml,369,ml,4,,24,Month,US,288,6,1,,,,,,,,,1299,18%,Yes,,
FG,62740442,Shea Moisture Hair Cream Milk Coconut & Hibiscus 227 ml  X 12,SHEAMOISTURE CH SA CURL&STYLE MLK 12X8OZ,Shea Moisture,Hair Styling,Hair Cream,Milk Coconut & Hibiscus 227 ml,227,ml,12,,24,Month,US,168,7,1,,,,,,,,,1399,18%,Yes,,
FG,62686520,Shea Moisture Leave-in Conditioner Virgin Coconut Oil 227 ml  X 12,SM VCO LEAVE-IN CD 12P 8Z,Shea Moisture,Hair Care,Leave-in Conditioner,Virgin Coconut Oil 227 ml,227,ml,12,,24,Month,US,136,4,1,,,,,,,,,1299,18%,Yes,,
FG,62770633,Pepsodent Kids Toothpaste Orange 45 gms X 120,Pepsodent TP Kids Orange 12X10X45G,Pepsodent Kids,Oral Care,Toothpaste,Orange 45 gms,120,gms,12,,24,Month,Vietnam,48,6,1,,,,,,,,,79,18%,Yes,,
FG,62770634,Pepsodent Kids Toothpaste Strawberry 45 gms X 120,Pepsodent TP Kids Strawberry 120X10X45G,Pepsodent Kids,Oral Care,Toothpaste,Strawberry 45 gms,120,gms,12,,24,Month,Vietnam,48,6,1,,,,,,,,,79,18%,Yes,,
FG,68831468,Pears Body Wash Natural Oils 750 ML X 6,PEARS BW PURE&GNTL+NTRL OILS UK 6X750ML,Pears,Body Wash,Body Wash,Natural Oils 750 ML,750,ml,6,,24,Month,SAUDI ARABIA,150,10,1,,,,,,,,,625,18%,Yes,,
FG,68831463,Pears Body Wash Natural Oils 500 ML X 6,PEARS BW PURE&GNTL+NTRL OILS UK 6X500ML,Pears,Body Wash,Body Wash,Natural Oils 500 ML,500,ml,6,,24,Month,SAUDI ARABIA,170,10,1,,,,,,,,,425,18%,Yes,,
FG,68831462,Pears Body Wash Lemon 500 ML X 6,PEARS BW PUR&GNTL+LEM FLW EXT UK 6X500ML,Pears,Body Wash,Body Wash,Lemon 500 ml,500,ml,6,,24,Month,SAUDI ARABIA,170,10,1,,,,,,,,,425,18%,Yes,,
FG,68831461,Pears Body Wash Lemon 750 ML X 6,PEARS BW PUR&GNTL+LEM FLW EXT UK 6X750ML,Pears,Body Wash,Body Wash,Lemon 750 ML,750,ml,6,,24,Month,SAUDI ARABIA,150,10,1,,,,,,,,,625,18%,Yes,,
FG,68831455,Pears Body Wash Mint 750 ML X 6,PEARS BW PURE&GNTL+MINT EXT UK 6X750ML,Pears,Body Wash,Body Wash,Mint 750 ML,750,ml,6,,24,Month,SAUDI ARABIA,150,10,1,,,,,,,,,625,18%,Yes,,
FG,68831454,Pears Body Wash Mint 500 ML X 6,PEARS BW PURE&GNTL+MINT EXT UK 6X500ML,Pears,Body Wash,Body Wash,Mint 500 ML,500,ml,6,,24,Month,SAUDI ARABIA,170,10,1,,,,,,,,,425,18%,Yes,,
FG,67614737,Lux Body Wash Skin Renewal Fig & Geranium 450 ml X 8,LUX BOTANICAL LQ SKIN RENEWAL FIG & GERANIUM 8X450ML,Lux,Body Wash,Body Wash,Skin Renewal Fig & Geranium 450 ml,450,ml,8,,24,Month,Thailand,60,3,1,,,,,,,,,449,18%,Yes,,
FG,67614735,Lux Body Wash Glowing Skin Gardenia & Honey 450 ml X 8,LUX BOTANICAL LQ GLOWING SKIN GARDENIA & HONEY BW 8X450ML,Lux,Body Wash,Body Wash,Glowing Skin Gardenia & Honey 450 ml,450,ml,8,,24,Month,Thailand,60,3,1,,,,,,,,,449,18%,Yes,,
FG,67614733,Lux Body Wash Bright Skin Sunflower & Aloe 450 ml X 8,LUX BOTANICAL LQ BRIGHT SKIN SUNFLOWER & ALOE VERA 8X450ML,Lux,Body Wash,Body Wash,Bright Skin Sunflower & Aloe 450 ml,450,ml,8,,24,Month,Thailand,60,3,1,,,,,,,,,449,18%,Yes,,
FG,67614731,Lux Body Wash Skin Detox Freesia & Tea Tree 450 ml X 8,LUX BOTANICAL LQ SKIN DETOX FREESIA & TEA TREE OIL 8X450ML,Lux,Body Wash,Body Wash,Skin Detox Freesia & Tea Tree 450 ml,450,ml,8,,24,Month,Thailand,60,3,1,,,,,,,,,449,18%,Yes,,
FG,69729537,Impulse Deos Glamour 75 ml  X 6,IMPULSE BS INTO GLAMOUR 6X75ML,Impulse,Deodrants and Fragrances,Deos,Glamour 75 ml,75,ml,6,,24,Month,UEBV,720,6,1,,,,,,,,,149,18%,Yes,,
FG,69653304,Impulse Deos Very Pink 75 ml  X 6,IMPULSE BS VERY PNK JUNO IE+RO+UK 6X75ML,Impulse,Deodrants and Fragrances,Deos,Very Pink 75 ml,75,ml,6,,24,Month,UEBV,720,6,1,,,,,,,,,149,18%,Yes,,
FG,69653303,Impulse Deos Instant Crush 75 ml  X 6,IMPULSE BS INSTNT CRSH JUNO UK+IE 6X75ML,Impulse,Deodrants and Fragrances,Deos,Instant Crush 75 ml,75,ml,6,,24,Month,UEBV,720,6,1,,,,,,,,,149,18%,Yes,,
FG,69653302,Impulse Deos Hint of Musk 75 ml  X 6,IMPULSE BS HINT OF MSK JUNO IE+UK 6X75ML,Impulse,Deodrants and Fragrances,Deos,Hint of Musk 75 ml,75,ml,6,,24,Month,UEBV,720,6,1,,,,,,,,,149,18%,Yes,,
FG,69653301,Impulse Deos True Love 75 ml  X 6,IMPULSE BS TRUE LOVE JUNO IE+UK 6X75ML,Impulse,Deodrants and Fragrances,Deos,True Love 75 ml,75,ml,6,,24,Month,UEBV,720,6,1,,,,,,,,,149,18%,Yes,,
FG,69653300,Impulse Deos Surprised 75 ml  X 6,IMPULSE BS BE SURPRSED JUNO IE+UK 6X75ML,Impulse,Deodrants and Fragrances,Deos,Surprised 75 ml,75,ml,6,,24,Month,UEBV,720,6,1,,,,,,,,,149,18%,Yes,,
FG,69653299,Impulse Deos Tease 75 ml  X 6,IMPULSE BS TEASE JUNO IE+UK 6X75ML,Impulse,Deodrants and Fragrances,Deos,Tease 75 ml,75,ml,6,,24,Month,UEBV,720,6,1,,,,,,,,,149,18%,Yes,,
FG,68724328U,Dove M+C Deos Extra Fresh 150 ml X 24,DFM AP EX FREH UI Codes UI NL 24X150ML,Dove M+C,Deodrants and Fragrances,Deos,Extra Fresh 150 ml,150,ml,24,,24,Month,UEBV,448,7,1,,,,,,,,,275,18%,Yes,,
FG,68724322U,Dove M+C Deos Sport Active 150 ml X 24,DFM AP SPRT ACT FSH UI Codes UI NL 24X150ML,Dove M+C,Deodrants and Fragrances,Deos,Sport Active 150 ml,150,ml,24,,24,Month,UEBV,448,7,1,,,,,,,,,275,18%,Yes,,
FG,68603207U,Dove M+C Deos Cool Fresh 250 ml X 24,DFM AP COOL FRESH UI DED CODE UI NL 24X250ML,Dove M+C,Deodrants and Fragrances,Deos,Cool Fresh 250 ml,250,ml,24,,24,Month,UEBV,330,6,1,,,,,,,,,399,18%,Yes,,
FG,68603206U,Dove M+C Deos Invisible Dry 250 ml X 24,DFM AP INVSBL DRY UI DED CODE UI NL 24X250ML,Dove M+C,Deodrants and Fragrances,Deos,Invisible Dry 250 ml,250,ml,24,,24,Month,UEBV,330,6,1,,,,,,,,,399,18%,Yes,,
FG,68603205U,Dove M+C Deos Extra Fresh 250 ml X 24,DFM AP EXTR FRESH UI DED CODE UI NL 24X250ML,Dove M+C,Deodrants and Fragrances,Deos,Extra Fresh 250 ml,250,ml,24,,24,Month,UEBV,330,6,1,,,,,,,,,399,18%,Yes,,
FG,68603204U,Dove M+C Deos Clean Comfort 250 ml X 24,DFM AP CLEAN COMF UI DED CODE UI NL 24X250ML,Dove M+C,Deodrants and Fragrances,Deos,Clean Comfort 250 ml,250,ml,24,,24,Month,UEBV,330,6,1,,,,,,,,,399,18%,Yes,,
FG,68603203U,Dove M+C Deos Cool Fresh 150 ml X 24,DFM AP COOL FRESH UI DED CODE UI NL 24X150ML,Dove M+C,Deodrants and Fragrances,Deos,Cool Fresh 150 ml,150,ml,24,,24,Month,UEBV,448,7,1,,,,,,,,,275,18%,Yes,,
FG,68603202U,Dove M+C Deos Invisible Dry 150 ml X 24,DOVE AP INVSBL DRY DED CODE NL 24X150ML,Dove M+C,Deodrants and Fragrances,Deos,Invisible Dry 150 ml,150,ml,24,,24,Month,UEBV,448,7,1,,,,,,,,,275,18%,Yes,,
FG,68603201U,Dove M+C Deos Clean Comfort 150 ml X 24,DOVE AP CLEAN COMF DED CODE NL 24X150ML,Dove M+C,Deodrants and Fragrances,Deos,Clean Comfort 150 ml,150,ml,24,,24,Month,UEBV,448,7,1,,,,,,,,,275,18%,Yes,,
FG,68600491U,Dove M+C Deos Sport Active 250 ml X 24,DFM AP SPO ACT+FRE UI DED COD UI NL 24X250ML,Dove M+C,Deodrants and Fragrances,Deos,Sport Active 250 ml,250,ml,24,,24,Month,UEBV,330,6,1,,,,,,,,,399,18%,Yes,,
FG,XBKY600,Dove Baby Baby Soaps Moisture 75 gms  X 60,Dove Rich Moisture 75g,Dove Baby,Skin Cleansing,Baby Soaps,Moisture 75 gms,75,gms,60,,24,Month,India,0,0,1,,,,,,,,,62,18%,Yes,,
FG,XBIZ300,Dove Baby Shampoo Rich Moisture 200 ml  X 6,Dove Rich Moisture BabyShampoo 200ml,Dove Baby,Hair Care,Shampoo,Rich Moisture 200 ml,200,ml,6,,24,Month,India,0,0,1,,,,,,,,,220,18%,Yes,,
FG,XBHJ300,Dove Baby Body Lotion Nourishing 400 ml  X 6,Baby Dove Nourishing baby Lotion 400ml,Dove Baby,Body Wash,Body Wash,Nourishing 200 ml,200,ml,6,,24,Month,India,0,0,1,,,,,,,,,400,18%,Yes,,
FG,XBHJ200,Dove Baby Shampoo Rich Moisture 400 ml  X 6,Dove Rich Moisture BabyShampoo 400ml,Dove Baby,Hair Care,Shampoo,Rich Moisture 400 ml,400,ml,6,,24,Month,India,0,0,1,,,,,,,,,380,18%,Yes,,
FG,XBHJ100,Dove Baby Body Wash Nourishing 200 ml  X 6,Baby Dove Rich Moisture Body Wash 200ml,Dove Baby,Body Wash,Body Wash,Nourishing 200 ml,200,ml,6,,24,Month,India,0,0,1,,,,,,,,,215,18%,Yes,,
FG,XBHI900,Dove Baby Body Wash Nourishing 400 ml  X 6,Baby Dove Rich Moisture Body Wash 400ml,Dove Baby,Body Wash,Body Wash,Nourishing 400 ml,400,ml,6,,24,Month,India,0,0,1,,,,,,,,,400,18%,Yes,,
FG,XBHI800,Dove Baby Body Lotion Nourishing 200 ml  X 6,Baby Dove Nourishing baby Lotion 200 ml,Dove Baby,Body Lotion,Body Lotion,Nourishing 200 ml,200,ml,6,,24,Month,India,0,0,1,,,,,,,,,215,18%,Yes,,
FG,XBKY300,Dove Body Wash Lavender Hydration 1 Ltr  X 12,DOVE BW LAVENDER HYDRATION NW 1L,Dove,Body Wash,Body Wash,Lavender Hydration 1 Ltr,1,l,12,,24,Month,Kandla,0,0,1,,,,,,,,,849,18%,Yes,,
FG,XBKY200,Dove Body Wash Sakura 1 Ltr  X 12,DOVE BW SAKURA NW 1L,Dove,Body Wash,Body Wash,Sakura 1 Ltr,1,l,12,,24,Month,Kandla,0,0,1,,,,,,,,,849,18%,Yes,,
FG,XBKY100,Dove Body Wash Sensitive 1 Ltr  X 12,DOVE BW SENSITIVE SKIN NW 1L,Dove,Body Wash,Body Wash,Sensitive 1 Ltr,1,l,12,,24,Month,Kandla,0,0,1,,,,,,,,,849,18%,Yes,,
FG,XBKX900,Dove Body Wash Rose Hydration 1 Ltr  X 12,DOVE BW ROSE HYDRATION NW 1L,Dove,Body Wash,Body Wash,Rose Hydration 1 Ltr,1,l,12,,24,Month,Kandla,0,0,1,,,,,,,,,849,18%,Yes,,
FG,XBAK900,Dove Body Wash Renew 1 Ltr  X 12,Dove Renew Body Wash 1L,Dove,Body Wash,Body Wash,Renew 1 Ltr,1,l,12,,24,Month,Kandla,0,0,1,,,,,,,,,849,18%,Yes,,
FG,XBAK800,Dove Body Wash Almond & Hibiscus 1 Ltr  X 12,Dove Almond & Hibiscus Body Wash 1L,Dove,Body Wash,Body Wash,Almond & Hibiscus 1 Ltr,1,l,12,,24,Month,Kandla,0,0,1,,,,,,,,,849,18%,Yes,,
FG,XBAK700,Dove Body Wash Shea Butter 1 Ltr  X 12,Dove Shea Butter Body Wash 1L,Dove,Body Wash,Body Wash,Shea Butter 1 Ltr,1,l,12,,24,Month,Kandla,0,0,1,,,,,,,,,849,18%,Yes,,
FG,68869415,Dove Body Polish Crushed Almond & Mango Butter 298 gms X 6,Dove BP Crushed Almond & Mango Butter 6X10.5OZ 298 gms,Dove,Skin Care,Body Polish,Crushed Almond & Mango Butter 298 gms,298,gms,6,,24,Month,UEBV,192,8,1,,,,,,,,,799,18%,Yes,,
FG,68869413,Dove Body Polish Crushed Macadamia & Rice Milk 298 gms X 6,Dove BP Crushed Macadamia & Rice Milk 6X10.5OZ 298 gms,Dove,Skin Care,Body Polish,Crushed Macadamia & Rice Milk 298 gms,298,gms,6,,24,Month,UEBV,192,8,1,,,,,,,,,799,18%,Yes,,
FG,68868186,Dove Body Polish Brown Sugar & Cocoa 298 gms X 12,DOVE BP BROWN SUGAR&COCOABTR 12X10.5OZ,Dove,Skin Care,Body Polish,Brown Sugar & Cocoa 298 gms,298,gms,12,,24,Month,US,260,13,1,,,,,,,,,799,18%,Yes,,
FG,68868185,Dove Body Polish Oatmeal 298 gms X 12,DOVE BP OATMEAL 12X10.5OZ,Dove,Skin Care,Body Polish,Oatmeal 298 gms,298,gms,12,,24,Month,US,260,13,1,,,,,,,,,799,18%,Yes,,
FG,68868184,Dove Body Polish Pom & Shea Butter 298 gms X 12,DOVE BDY POLSH POM SDS&SHEA BTR 12X10.5OZ 298 gms,Dove,Skin Care,Body Polish,Pom & Shea Butter 298 gms,298,gms,12,,24,Month,US,260,13,1,,,,,,,,,799,18%,Yes,,
FG,68868183,Dove Body Polish Mac & Rice Milk 298 gms X 12,DOVE BODY POLISH CD MAC&RCE MLK 12X10.5OZ 298 gms,Dove,Skin Care,Body Polish,Mac & Rice Milk 298 gms,298,gms,12,,24,Month,US,260,13,1,,,,,,,,,799,18%,Yes,,
FG,68868182,Dove Body Polish Almond & Mango 298 gms X 12,DOVE BP CRSHD ALMND&MNGO BTR 12X10.5OZ,Dove,Skin Care,Body Polish,Almond & Mango 298 gms,298,gms,12,,24,Month,US,260,13,1,,,,,,,,,799,18%,Yes,,
FG,68745592,Dove Body Polish Crushed Lavender & Coconut Milk 298 gms X 6,Dove BP Crushed Lavender & Coconut Milk 6X10.5OZ 298 gms,Dove,Skin Care,Body Polish,Crushed Lavender & Coconut Milk 298 gms,298,gms,6,,24,Month,UEBV,192,8,1,,,,,,,,,799,18%,Yes,,
FG,68745591,Dove Body Polish Brown Sugar & Coconut Butter 298 gms X 6,Dove BP Brown Sugar & Coconut Butter 6X10.5OZ 298 gms,Dove,Skin Care,Body Polish,Brown Sugar & Coconut Butter 298 gms,298,gms,6,,24,Month,UEBV,192,8,1,,,,,,,,,799,18%,Yes,,
FG,68745590,Dove Body Polish Colloidal Oatmeal & Calendula Oil 298 gms X 6,Dove BP Colloidal Oatmeal & Calendula Oil 6X10.5OZ 298 gms,Dove,Skin Care,Body Polish,Colloidal Oatmeal & Calendula Oil 298 gms,298,gms,6,,24,Month,UEBV,192,8,1,,,,,,,,,799,18%,Yes,,
FG,68745589,Dove Body Polish Pomegranate Seeds & Shea Butter 298 gms X 6,Dove BP Pomegranate Seeds & Shea Butter 6X10.5OZ 298 gms,Dove,Skin Care,Body Polish,Pomegranate Seeds & Shea Butter 298 gms,298,gms,6,,24,Month,UEBV,192,8,1,,,,,,,,,799,18%,Yes,,
FG,68788906,Dove Shower Mousse Deeply Nourish 200 ml X 6,DOVE SHOWER MOUSSE DEEPLY NOURISH 200ML,Dove,Shower Mousse,Shower Mousse,Deeply Nourish 200 ml,200,ml,6,,24,Month,UK,330,5,1,,,,,,,,,599,18%,Yes,,
FG,68758338,Dove Shower Mousse Argan Oil 200 ml X 6,DOVE SHOWER GB/IE ARGAN OIL 6X200ML,Dove,Shower Mousse,Shower Mousse,Argan Oil 200 ml,200,ml,6,,24,Month,UK,330,5,1,,,,,,,,,599,18%,Yes,,
FG,68360333,Dove Lip Balm Hydro 4.8 gms X 24,DOVE LIP CARE HYDRO 24X4.8G,Dove,Skin Care,Lip Balm,Hydro 4.8 gms,4.8,gms,24,,24,Month,Thailand,440,11,1,,,,,,,,,199,18%,Yes,,
FG,68360332,Dove Lip Balm Essential 4.8 gms X 24,DOVE LIP CARE ESSENTIAL 24X4.8G,Dove,Skin Care,Lip Balm,Essential 4.8 gms,4.8,gms,24,,24,Month,Thailand,440,11,1,,,,,,,,,199,18%,Yes,,
FG,67892768,Dove Body Polish Kiwi & Aloe Butter 298 gms X 12,DOVE BODY POLISH KW SDS&CL ALOE 6X10.5OZ 298 gms,Dove,Skin Care,Body Polish,Kiwi & Aloe Butter 298 gms,298,gms,12,,24,Month,US,260,13,1,,,,,,,,,799,18%,Yes,,
FG,68741636,Domestos Rim Blocks Bleach 55 gms X 9,DOMESTOS CHLORINE RIM BLOCK 9X55G,Domestos,Household Care,Rim Blocks,Bleach 55 gms,55,gms,9,,24,Month,UEBV,192,8,1,,,,,,,,,249,18%,Yes,,
FG,68739895,Domestos Rim Blocks Lime 55 gms X 9,DOMESTOS RIMBLOCK LIME UKI CY 9X55G,Domestos,Household Care,Rim Blocks,Lime 55 gms,55,gms,9,,24,Month,UEBV,192,8,1,,,,,,,,,249,18%,Yes,,
FG,68739893,Domestos Rim Blocks Ocean 55 gms X 9,DOMESTOS RIMBLOCK OCEAN UKI 9X55G,Domestos,Household Care,Rim Blocks,Ocean 55 gms,55,gms,9,,24,Month,UEBV,192,8,1,,,,,,,,,249,18%,Yes,,
FG,68739892,Domestos Rim Blocks Pink Mangnolia 55 gms X 9,DOMESTOS RIMBLOCK PINK UKI CY 9X55G,Domestos,Household Care,Rim Blocks,Pink Mangnolia 55 gms,55,gms,9,,24,Month,UEBV,192,8,1,,,,,,,,,249,18%,Yes,,
FG,68818969,CLEAR MEN SH CSM CB 8X3X310ML,CLEAR MEN SH CSM CB 8X3X310ML,Clear Men,Hair Care,Shampoo,Cool Sport Menthol 310 ml,310,ml,8,,24,Month,Thailand,48,4,1,,,,,,,,,349,18%,Yes,,
FG,68681927,CLEAR MEN SH DCLN CARAT MF 8X3X320ML,CLEAR MEN SH DCLN CARAT MF 8X3X320ML,Clear Men,Hair Care,Shampoo,Deep Cleanse 320 ml,320,ml,8,,24,Month,Thailand,48,4,1,,,,,,,,,349,18%,Yes,,
FG,68681903,CLEAR MEN SH HFM CARAT MF 8X3X320ML,CLEAR MEN SH HFM CARAT MF 8X3X320ML,Clear Men,Hair Care,Shampoo,Anti-Hairfall 320 ml,320,ml,8,,24,Month,Thailand,48,4,1,,,,,,,,,349,18%,Yes,,
FG,68800133,CIF Floor Cleaners Lemongrass 1 Ltr X 12,CIF FLR LEMONGRASS PP BTL UI 12X1KG,CIF,Household Care,Floor Cleaners,Lemongrass 1 Ltr,1,ltr,12,,24,Month,Vietnam,100,5,1,,,,,,,,,249,18%,Yes,,
FG,68773152,CIF Floor Cleaners Rosemary 1 Ltr X 12,CIF HBL PINK LILY ROSMRY UI 12X1KG,CIF,Household Care,Floor Cleaners,Rosemary 1 Ltr,1,ltr,12,,24,Month,Vietnam,100,5,1,,,,,,,,,249,18%,Yes,,
FG,68773150,CIF Floor Cleaners Flow Mint 1 Ltr X 12,CIF HRBL GRN SMR FLOW MINT UI 12X1KG,CIF,Household Care,Floor Cleaners,Flow Mint 1 Ltr,1,ltr,12,,24,Month,Vietnam,100,5,1,,,,,,,,,249,18%,Yes,,
FG,68577915,CIF Spray Cleaners PS Obispo Anti-Bac 700 ml X 6,CIF P&S OBISPO ANTIBAC SPRAY UI 6X700ML,CIF,Household Care,Spray Cleaners,PS Obispo Anti-Bac 700 ml,700,ml,6,,24,Month,Turkey,175,7,1,,,,,,,,,349,18%,Yes,,
FG,69991612,CIF Spray Cleaners PS Bathroom 700 ml X 6,CIF P&S BATHRM SPRAY UI SLIPKNT 6X700ML,CIF,Household Care,Spray Cleaners,PS Bathroom 700 ml,700,ml,6,,24,Month,Turkey,175,7,1,,,,,,,,,349,18%,Yes,,
FG,69792115,CIF Cream Cleaners Pink 500 ml X 16,CIF LAC PEARL NOBIT PINK UI 16X500ML,CIF,Household Care,Cream Cleaners,Pink 500 ml,500,ml,16,,24,Month,UEBV,90,5,1,,,,,,,,,275,18%,Yes,,
FG,69792114,CIF Cream Cleaners Original 500 ml X 16,CIF LAC PEARL NOBIT WHITE UI 16X500ML,CIF,Household Care,Cream Cleaners,Original 500 ml,500,ml,16,,24,Month,UEBV,90,5,1,,,,,,,,,275,18%,Yes,,
FG,69792116,CIF Cream Cleaners Lemon 500 ml X 16,CIF LAC PEARL NOBIT LEMON UI 16X500ML,CIF,Household Care,Cream Cleaners,Lemon 500 ml,500,ml,16,,24,Month,UEBV,90,5,1,,,,,,,,,275,18%,Yes,,
FG,69991678,CIF Spray Cleaners Anti-Bac 700 ml X 6,CIF P&S ANTIBAC SPRAY UI SLIPKNT 6X700ML,CIF,Household Care,Spray Cleaners,PS Anti-Bac 700 ml,700,ml,6,,24,Month,Turkey,175,7,1,,,,,,,,,349,18%,Yes,,
FG,69991611,CIF Spray Cleaners Kitchen 700 ml X 6,CIF P&S KITCHEN SPRAY UI SLIPKNT 6X700ML,CIF,Household Care,Spray Cleaners,PS Kitchen 700 ml,700,ml,6,,24,Month,Turkey,175,7,1,,,,,,,,,349,18%,Yes,,
FG,67636280,CIF Spray Cleaners Anti-Mould 435 ml X 6,CIF SPRAY 435ML ANTI MOULD,CIF,Household Care,Spray Cleaners,Anti-Mould 435 ml,435,ml,6,,24,Month,UK,150,5,1,,,,,,,,,349,18%,Yes,,
FG,69976204,CIF Spray Cleaners Stainless Steel 435 ml X 6,"CIF Perfect Finish Stainless steel Spray 435 ML,",CIF,Household Care,Spray Cleaners,Stainless Steel 435 ml,435,ml,6,,24,Month,UK,150,5,1,,,,,,,,,349,18%,Yes,,
FG,67636276,CIF Spray Cleaners Oven & Grill 435 ml X 6,CIF SPRAY 435ML OVEN & GRILL,CIF,Household Care,Spray Cleaners,Oven & Grill 435 ml,435,ml,6,,24,Month,UK,150,5,1,,,,,,,,,349,18%,Yes,,
FG,69975623,CIF Spray Cleaners Anti-Limescale 435 ml X 6,CIF SPRAY 435ML ANTI LIMESCALE,CIF,Household Care,Spray Cleaners,Anti-Limescale 435 ml,435,ml,6,,24,Month,UK,150,5,1,,,,,,,,,349,18%,Yes,,
FG,69636664PO3,Camay Soaps Classic Red 125 gm PO3  X 24,CAMAY CLASSIC 24X3X125G,Camay,Soaps,Soaps,Classic Red 125 gm PO3,125,gms,24,,24,Month,Indonesia,225,5,1,,,,,,,,,237,18%,Yes,,
FG,69636664,Camay Soaps Classic Red 125 gm  X 72,CAMAY CLASSIC 72X125GM,Camay,Soaps,Soaps,Classic Red 125 gm,125,gms,72,,24,Month,Indonesia,75,5,1,,,,,,,,,79,18%,Yes,,
FG,69636661PO3,Camay Soaps Natural White 125 gm PO3  X 24,CAMAY NATUREL 24X3X125G,Camay,Soaps,Soaps,Natural White 125 gm PO3,125,gms,24,,24,Month,Indonesia,225,5,1,,,,,,,,,237,18%,Yes,,
FG,69636661,Camay Soaps Natural White 125 gms X 72,CAMAY NATUREL RL 72X125G,Camay,Soaps,Soaps,Natural White 125 gms,125,gms,72,,24,Month,Indonesia,75,5,1,,,,,,,,,79,18%,Yes,,
FG,69636660PO3,Camay Soaps Chic Black 125 gm PO3  X 24,CAMAY CHIC 24X3X125G,Camay,Soaps,Soaps,Chic Black 125 gm PO3,125,gms,24,,24,Month,Indonesia,225,5,1,,,,,,,,,237,18%,Yes,,
FG,69636660,Camay Soaps Chic Black 125 gm  X 72,CAMAY CHIC 72X125GM,Camay,Soaps,Soaps,Chic Black 125 gm,125,gms,72,,24,Month,Indonesia,75,5,1,,,,,,,,,79,18%,Yes,,
FG,67935666,Camay Body Wash Dynamique 500 ml X 6,CAMAY SHOWER GEL DYNAMIQUE 6X500ML,Camay,Body Wash,Body Wash,Dynamique 500 ml,500,ml,6,,24,Month,Spain,240,6,1,,,,,,,,,385,18%,Yes,,
FG,67935662,Camay Body Wash Lavander 500 ml X 6,CAMAY SHOWER GEL LAVANDER 6X500ML,Camay,Body Wash,Body Wash,Lavander 500 ml,500,ml,6,,24,Month,Spain,240,6,1,,,,,,,,,385,18%,Yes,,
FG,67935660,Camay Body Wash Hypnotique 500 ml X 6,CAMAY SHOWER GEL HYPNOTIQUE 6X500ML,Camay,Body Wash,Body Wash,Hypnotique 500 ml,500,ml,6,,24,Month,Spain,240,6,1,,,,,,,,,385,18%,Yes,,
FG,67935658,Camay Body Wash Strawberry 500 ml X 6,CAMAY SHOWER GEL STRAWBERRY 6X500ML,Camay,Body Wash,Body Wash,Strawberry 500 ml,500,ml,6,,24,Month,Spain,240,6,1,,,,,,,,,385,18%,Yes,,
FG,68535137,Brylcreem Hair Gel Tube Strong 150 ml  X 6,BRYLCREEM TUB GEL STRONG BRYLNT 6X150ML,Brylcreem,Hair Styling,Hair Gel,Tube Strong 150 ml,150,ml,6,,24,Month,UK,330,11,1,,,,,,,,,450,18%,Yes,,
FG,68535136,Brylcreem Hair Gel Tube Wet 150 ml  X 6,BRYLCREEM TUB GEL WET BRYLNT 6X150ML,Brylcreem,Hair Styling,Hair Gel,Tube Wet 150 ml,150,ml,6,,24,Month,UK,330,11,1,,,,,,,,,450,18%,Yes,,
FG,68535135,Brylcreem Hair Gel Tube Extreme 150 ml  X 6,BRYLCREEM TUB GEL EXTREME BRYLNT 6X150ML,Brylcreem,Hair Styling,Hair Gel,Tube Extreme 150 ml,150,ml,6,,24,Month,UK,330,11,1,,,,,,,,,450,18%,Yes,,
FG,67446279,Brylcreem Hair Gel Strong Hold 125 ml  X 24,BRYLCREEM STY GEL STR HLD 2D UL 24X125ML,Brylcreem,Hair Styling,Hair Gel,Strong Hold 125 ml,125,ml,24,,24,Month,Indonesia,84,7,1,,,,,,,,,375,18%,Yes,,
FG,67446273,Brylcreem Hair Gel Dandruff Control 150 ml  X 12,BRYLCREEM ST GL DDRF CTRL 2D UL 12X150ML,Brylcreem,Hair Styling,Hair Gel,Dandruff Control 150 ml,150,ml,12,,24,Month,Indonesia,145,5,1,,,,,,,,,475,18%,Yes,,
FG,67446271,Brylcreem Hair Gel Mild Hold 150 ml  X 12,BRYLCREEM ST GL 24/7 MHLD 2D UL 12X150ML,Brylcreem,Hair Styling,Hair Gel,Mild Hold 150 ml,150,ml,12,,24,Month,Indonesia,145,5,1,,,,,,,,,475,18%,Yes,,
FG,67446267,Brylcreem Hair Gel WL 150 ml  X 12,BRYLCREEM STYL GEL WL 2D UL 12X150ML,Brylcreem,Hair Styling,Hair Gel,WL 150 ml,s,ml,12,,24,Month,Indonesia,145,5,1,,,,,,,,,475,18%,Yes,,
FG,67446265,Brylcreem Hair Gel Strong Hold 150 ml  X 12,BRYLCREEM STY GEL STR HLD 2D UL 12X150ML,Brylcreem,Hair Styling,Hair Gel,Strong Hold 150 ml,150,ml,12,,24,Month,Indonesia,100,5,1,,,,,,,,,475,18%,Yes,,
FG,20256977,Brylcreem Hair Gel Aqua Light 250 ml  X 12,BRYLCREEM STCRM LITE AQU-OXY UL 12X250ML,Brylcreem,Hair Styling,Hair Gel,Aqua Light 250 ml,250,ml,12,,24,Month,Indonesia,100,5,1,,,,,,,,,699,18%,Yes,,
FG,20256975,Brylcreem Hair Gel Original 250 ml  X 12,BRYLCREEM STCRM ORIG AQU-OXY UL 12X250ML,Brylcreem,Hair Styling,Hair Gel,Original 250 ml,250,ml,12,,24,Month,Indonesia,100,5,1,,,,,,,,,699,18%,Yes,,
FG,20256973,Brylcreem Hair Gel Aqua Light 125 ml  X 24,BRYLCREEM STYCRM LIT AQU-OXY UL 24X125ML,Brylcreem,Hair Styling,Hair Gel,Aqua Light 125 ml,125,ml,24,,24,Month,Indonesia,84,7,1,,,,,,,,,375,18%,Yes,,
FG,20256972,Brylcreem Hair Gel Aqua 125 ml  X 24,BRYLCREEM STYCRM AD AQUA-OXY UL 24X125ML,Brylcreem,Hair Styling,Hair Gel,Aqua 125 ml,125,ml,24,,24,Month,Indonesia,84,7,1,,,,,,,,,375,18%,Yes,,
FG,20256971,Brylcreem Hair Gel Original 125 ml  X 24,BRYLCREEM STCRM ORIG AQU-OXY UL 24X125ML,Brylcreem,Hair Styling,Hair Gel,Original 125 ml,125,ml,24,,24,Month,Indonesia,84,7,1,,,,,,,,,375,18%,Yes,,
FG,62740385,Brut Deos Oud 200 ml X 24,BRUT BS OUD MANHATTAN UK-ALFIE 24X200ML,Brut,Deodrants and Fragrances,Deos,Oud 200 ml,200,ml,24,,24,Month,Barony,96,8,1,,,,,,,,,399,18%,Yes,,
FG,62740386,Brut Deos Identity 200 ml X 24,BRUT BS INS IDNTITY MHT UKALFIE 24X200ML,Brut,Deodrants and Fragrances,Deos,Identity 200 ml,200,ml,24,,24,Month,Barony,96,8,1,,,,,,,,,399,18%,Yes,,
FG,62740435,Brut Deos Attraction 200 ml X 24,BRUT BS ATRCTN TTLE MHT UKALFIE 24X200ML,Brut,Deodrants and Fragrances,Deos,Attraction 200 ml,200,ml,24,,24,Month,Barony,96,8,1,,,,,,,,,399,18%,Yes,,
FG,62740439,Brut Deos Sport Style 200 ml X 24,BRUT BS SPORT STYLE MHT UKALFIE 24X200ML,Brut,Deodrants and Fragrances,Deos,Sport Style 200 ml,200,ml,24,,24,Month,Barony,96,8,1,,,,,,,,,399,18%,Yes,,
FG,62740436,Brut Deos Original 200 ml X 24,BRUT BS ORIGINAL MNHTAN UKALFIE 24X200ML,Brut,Deodrants and Fragrances,Deos,Original 200 ml,200,ml,24,,24,Month,Barony,96,8,1,,,,,,,,,399,18%,Yes,,
FG,62740437,Brut Deos Ocean 200 ml X 24,BRUT BS OCEANS MANHATTN UKALFIE 24X200ML,Brut,Deodrants and Fragrances,Deos,Ocean 200 ml,200,ml,24,,24,Month,Barony,96,8,1,,,,,,,,,399,18%,Yes,,
FG,62740438,Brut Deos Musk 200 ml X 24,BRUT BS MUSK MANHATTAN UK-ALFIE 24X200ML,Brut,Deodrants and Fragrances,Deos,Musk 200 ml,200,ml,24,,24,Month,Barony,96,8,1,,,,,,,,,399,18%,Yes,,
FG,68207463,Brut EDT SDL Original 100 ml X 48,Brut EDT Original SDL,Brut,Deodrants and Fragrances,EDT,SDL Original 100 ml,100,ml,48,,24,Month,UEBV,133,19,1,,,,,,,,,599,18%,Yes,,
FG,68207435,Brut Aftershave SDL Original 100 ml X 48,Brut Aftershave Original SDL,Brut,Aftershave,Aftershave,SDL Original 100 ml,100,ml,48,,24,Month,UEBV,133,19,1,,,,,,,,,599,18%,Yes,,
FG,69743562,Brut Body Wash Attraction 500 ml X 6,BRUT SHOWER GEL ATTRCTN TOTAL 6X500ML,Brut,Body Wash,Body Wash,Attraction 500 ml,500,ml,6,,24,Month,Spain,240,6,1,,,,,,,,,449,18%,Yes,,
FG,69743560,Brut Body Wash Original 500 ml X 6,BRUT SHOWER GEL ORIGINAL 6X500ML,Brut,Body Wash,Body Wash,Original 500 ml,500,ml,6,,24,Month,Spain,240,6,1,,,,,,,,,449,18%,Yes,,
FG,69743558,Brut Body Wash Sport Style 500 ml X 6,BRUT SHOWER GEL SPORTS STYLE 6X500ML,Brut,Body Wash,Body Wash,Sport Style 500 ml,500,ml,6,,24,Month,Spain,240,6,1,,,,,,,,,449,18%,Yes,,
FG,67896571,Brut EDT SDL Plexi Silver 100 ml X 24,Brut EDT Original Plexi ( Silver ) SDL,Brut,Deodrants and Fragrances,EDT,SDL Plexi Silver 100 ml,100,ml,24,,24,Month,UEBV,133,19,1,,,,,,,,,1599,18%,Yes,,
FG,67896558,Brut EDT SDL Musk 100 ml X 48,Brut EDT Musk SDL,Brut,Deodrants and Fragrances,EDT,SDL Musk 100 ml,100,ml,48,,24,Month,UEBV,133,19,1,,,,,,,,,599,18%,Yes,,
FG,XBLA100,Axe Body Wash Sport Blast K 400 ml  X 12,AXE BW SPORTS BLAST 12X400ML,Axe,Body Wash,Body Wash,Sport Blast K 400 ml,400,ml,12,,24,Month,Kandla,0,0,1,,,,,,,,,380,18%,Yes,,
FG,XBKZ900,Axe Body Wash Dark Temptation K 400 ml  X 12,AXE BW DARK TEMPTATION 12X400ML,Axe,Body Wash,Body Wash,Dark Temptation K 400 ml,400,ml,12,,24,Month,Kandla,0,0,1,,,,,,,,,380,18%,Yes,,
FG,XBKZ800,Axe Body Wash Africa K 400 ml  X 12,AXE BW AFRICA 12X400ML,Axe,Body Wash,Body Wash,Africa K 400 ml,400,ml,12,,24,Month,Kandla,0,0,1,,,,,,,,,380,18%,Yes,,
FG,XBKZ600,Axe Body Wash Sport Blast K 250 ml  X 12,AXE BW SPORT BLAST 12X250ML,Axe,Body Wash,Body Wash,Sport Blast K 250 ml,250,ml,12,,24,Month,Kandla,0,0,1,,,,,,,,,239,18%,Yes,,
FG,XBKZ500,Axe Body Wash Africa K 250 ml  X 12,AXE BW AFRICA 12X250ML,Axe,Body Wash,Body Wash,Africa K 250 ml,250,ml,12,,24,Month,Kandla,0,0,1,,,,,,,,,239,18%,Yes,,
FG,XBKZ400,Axe Body Wash Apollo K 250 ml  X 12,AXE BW APOLLO 12X250ML,Axe,Body Wash,Body Wash,Apollo K 250 ml,250,ml,12,,24,Month,Kandla,0,0,1,,,,,,,,,239,18%,Yes,,
FG,XBKZ300,Axe Body Wash Excite K 250 ml  X 12,AXE BW EXCITE 12X250ML,Axe,Body Wash,Body Wash,Excite K 250 ml,250,ml,12,,24,Month,Kandla,0,0,1,,,,,,,,,239,18%,Yes,,
FG,XBKZ200,Axe Body Wash Black K 250 ml  X 12,AXE BW BLACK 12X250ML,Axe,Body Wash,Body Wash,Black K 250 ml,250,ml,12,,24,Month,Kandla,0,0,1,,,,,,,,,239,18%,Yes,,
FG,XBKZ100,Axe Body Wash Alaska K 250 ml  X 12,AXE BW ALASKA 12X250ML,Axe,Body Wash,Body Wash,Alaska K 250 ml,250,ml,12,,24,Month,Kandla,0,0,1,,,,,,,,,239,18%,Yes,,
FG,XBKY900,Axe Body Wash Dark Temptation K 250 ml  X 12,AXE BW DARK TEMPTATION 12X250ML,Axe,Body Wash,Body Wash,Dark Temptation K 250 ml,250,ml,12,,24,Month,Kandla,0,0,1,,,,,,,,,239,18%,Yes,,
